VideoId,View Count,Average Comment Length,Total Comments
Ahg6qcgoay4,20394281,13.6653286503,1993
70xKFih59EI,9087788,15.3437029604,1993
f3IOvFA8LLE,8990661,21.970703125,1536
UjjUayEa1zE,8598919,11.717754173,1977
LwEdMlauxY0,5094691,12.3446014127,1982
SLGJTAfyG44,3893794,17.229757085,1976
xNT-JRyWykM,3745515,11.4269662921,267
Epw1frymbH0,3195687,15.1624713959,874
H-JnyjXyKns,3051942,6.5,2
ddO9idmax0o,2949910,10.1066734075,1978
39hOm0pCg-s,2389825,13.8909090909,1980
MngAUnhDDbg,2383521,5.64705882353,17
tW8KYtvAsrw,2364465,14.9353208691,1979
XOFzaLCcZ2c,2143733,17.1595214357,1003
CWRtOQIaLgo,1983549,13.4280701754,1995
rdzS43Pff1w,1944173,16.3015184382,922
fkqmXP9IVyg,1861246,25.7745571659,621
NtOJXj_k-pk,1724419,25.1931589537,1988
q6Uczlb9sVo,1720531,13.7139784946,1860
ibs8RgE9noY,1659282,15.5180870632,1631
Au7-b77hBCE,1585950,12.4168888889,1125
m4V9Etdg5aI,1541047,15.2488954345,679
FCrVcGw9ZPI,1468824,21.0197693575,1821
InLJmrK8xWw,1439081,14.6162642948,1574
yAuOGLs2xFc,1290762,9.86538461538,104
WDBAG0KPLcs,1250500,19.21125,1600
lO99w92pF80,1228541,14.5108108108,370
RsRmMWWWGOY,1223429,13.6156962025,1975
-VNy5P27qzA,1215658,9.88235294118,850
U9eAiy0IGBI,1203616,12.614530777,1982
aBJQ5085kSo,1186850,19.5194085028,1082
-TK_KyJxcq4,1137327,9.92831903079,1981
DYZy9_0p1Jw,1123946,8.87,100
EOsnxSLfSMQ,1116987,16.7951807229,1992
Ri96w5nocNs,1108204,21.8569570871,769
j3QV9r-bRIE,1100778,13.4858712716,1274
OztdRG8HVrk,1051768,15.6767594108,1222
aPPrKUKkc8Q,1018956,21.6776859504,363
syXEcn60vg8,964687,10.1614906832,161
zCRIA1Spt6E,951536,13.0877862595,1310
a0qMe7Z3EYg,934117,11.2444444444,990
3g-gCMLnke0,931006,17.1000794281,1259
G3pOe2d2rzE,914987,11.2110091743,1199
2AuN1A7KgiY,899503,16.7037037037,675
kBImnc8UQi4,845208,18.1049382716,162
bYsxaMyFV2Y,833935,27.9727443609,1064
y6IrfA1NLHU,806396,17.6590909091,352
XIdECEYQ_bc,792036,10.5364705882,850
iYBqnDqNnVE,781039,10.8746061752,1587
l_elhoCWyI8,776511,13.0990566038,1484
bsvRGLQqeVQ,764842,15.7970795569,1986
bG9DlXVKs2c,735197,13.6159090909,440
LrCOHrQz7no,734177,27.8002270148,881
zmJ69KMKafI,730333,18.9375,16
umyjAQJXsuQ,722323,15.6346666667,1125
hGWjXu1LpoE,688071,16.2727272727,946
UJMhKqNoeyY,677210,11.6111111111,36
kKSyRGzWLhY,660423,39.6431034483,580
sAJKWCdaPq4,650652,33.5167724388,1103
EHTYx-1LLkg,647009,13.0200421941,948
hFl7VwWsQEo,641743,16.4444444444,288
wXgVz4ZqAxo,638781,44.45,20
9Ifnk0CCkKU,628420,10.6340425532,470
MqAsravUn-Y,612844,19.7420382166,942
-N4jOn6e-aE,592874,15.928702011,1094
Y9oV1zq5TRI,579706,5.06666666667,15
37qNBit9dlI,573693,24.6268656716,402
tkOYBiy1nOA,533406,19.3724340176,1023
k-xbcAMfWwM,528794,20.6434343434,990
fv8csAWLntE,528326,10.6304347826,46
Tdrm_v8HhRI,527488,18.6006825939,1172
GU32Q6QXtWQ,525676,19.6858006042,331
deTBZNkDYm4,506547,13.5689881735,761
dMt8IojpQvk,503198,15.5188118812,505
nOGAkRkCWfA,497010,41.8571428571,7
QZz1zih7_xo,492699,26.0684931507,146
hlAvZ7ttyP4,489916,12.7624242424,825
UgbpwehFrPI,488924,22.1336170213,1175
ttMA4Db1fBE,484168,19.9052532833,1066
Mvm6Se6LPv4,456023,20.8816793893,524
KWTyPVj_d7o,446980,25.4033371692,1738
HW-6SlIako0,446822,14.3442622951,61
YUDngJObO9o,442155,13.8203266788,1102
UJxSqJeFn-I,434444,11.5743243243,296
7KIZkd1i5hQ,433051,11.8244444444,900
RLgNhja8gD0,429667,13.0594965675,874
xbnelpoq3Es,425415,14.6425806452,775
B5YKN32xoXw,422660,27.2913385827,254
OR8vwFv-5iU,421174,22.2,80
J0k5qcDjFYs,418544,11.5212464589,353
fsyujdt-7v8,413036,28.9852941176,68
1YAzAu3Ut6c,403316,15.75,672
SeVwUrEuxhI,387010,13.6966666667,300
iJEIwoYHIdA,378977,12.0957854406,522
QvJoc8oEays,378008,13.2511210762,223
dxpdygORZiU,368416,12.7706214689,885
kfsyoAl0U8M,366931,20.9120111732,1432
v_gbvRUKoQw,358340,26.8256227758,281
6Zrnyu68jso,357059,7.50898203593,167
k9I7YH9LHmE,356970,15.478125,640
C0Y3aEXb6qk,356778,17.8547717842,241
CYZg0CfMArI,353144,31.619047619,21
xGxfsPthvOU,351778,11.875,296
m8ueYlViyMU,350946,9.23913043478,414
Aq986GuYOIA,349635,11.2846715328,685
UnSEvjzsOwE,344792,10.4200988468,607
mEBjOFLcTtA,336103,13.40330033,1515
oicI0wAoL0o,335299,8.30769230769,39
pkGTet2BQgM,333447,20.6212121212,66
E7QPZnly-80,328337,23.9017467249,458
KT85b7Dubpg,328331,24.0,292
foq5FPM6ZTU,326832,14.0983050847,295
78tQ8AIgpSA,326183,13.4136597938,776
vYOVeonlGGw,324282,21.546728972,214
A_cvooBeYqA,322100,13.7496012759,627
gUdNZseazsw,310848,13.0819672131,244
BLfPPJSvStI,309150,12.4081632653,196
-uIfoTbaHaY,308304,32.6063348416,442
u-V1ad7D9RY,303240,17.3333333333,27
VTsbe4xiaNk,302471,9.40909090909,22
CaD8FjKpi5w,298579,18.4596273292,483
P9dXRVTB-ZI,298179,13.59375,64
uSHcpLDJEeY,296363,11.3018867925,53
u-5Rl2lfYwM,296172,24.0508474576,708
St1BswwK0rw,293196,16.6022099448,181
gklBWwGyreM,289452,29.4206896552,145
qVgXvel8zlc,288077,33.25,24
gX9MeF2Au9c,287472,13.5882352941,17
ceB7ZE_iR_I,287007,9.22039473684,304
hLb_sKJJDvY,284713,13.2186495177,311
LgHxvly13AA,278817,14.623655914,93
hbm8yRYPhXE,278442,20.2235772358,738
wS_9VWp4JmY,275378,29.8088235294,272
owxmJ-An8GQ,271343,8.54,100
ghE88wcgqnE,270154,13.5089605735,558
Ki9d5GVNyKo,262920,29.1346153846,52
lW-BRCA-cHQ,262534,18.0,7
K5Gcchw5rkM,262477,32.9401197605,167
O03XDGGDt3E,260647,17.66,50
QSfoFdYDXcY,259133,14.1347708895,371
LwJz7MplC7o,258547,27.7311320755,424
rcqXzX-7ULg,257174,14.4371257485,167
Taujbud9DKA,252046,31.0,10
cq3C3Akq44M,251802,18.6776315789,608
oa5MZO_9NTs,249519,13.3780864198,648
VOusqXHyKTY,249423,20.9185185185,810
hj0lZ1uQbRw,247848,9.06486486486,185
NFjXWPYPAsI,245233,12.8764044944,89
mRrc7KcjPLg,243874,15.7892156863,204
eTjRpZjh0kE,243781,21.3417721519,79
jKI8hEPDjh8,243010,25.972,250
cOSM3e_K0EQ,241914,11.7972709552,513
f1Ep6SJL_zM,240895,24.1114982578,287
uHV3I82SWIc,240506,18.7535211268,142
o5rZBPYisVg,238002,12.9642857143,252
mfhhPQ0DO4o,232973,15.4896551724,290
2AN3-aGwnB4,230726,14.4434931507,584
OB4aMRYpkoU,229909,10.0,34
m1YTPwy0Ru8,228495,29.1968503937,127
5TrzN0P8nzM,227764,9.69863013699,73
u6miXAJ14_k,227623,26.7777777778,81
PulNG0-Knrw,225134,10.8603174603,315
6ESD6OgMZaU,223787,17.5427251732,866
QthdO0enbiQ,222375,14.431372549,51
sZoBT7ktbyc,221022,35.6544502618,191
8wXrAMbL3Do,218967,20.4464285714,112
PL-ywltLjzk,218191,15.1428571429,28
6Mj3s4ONvLY,217616,12.1057692308,416
BOL5XEX-6uM,216200,14.0822368421,608
XXyYBCniBL4,216183,19.4347826087,46
a2ofKiZpuCg,215311,13.890625,128
j3x_x74tFs8,214433,14.4411764706,34
i_tei1vevb4,213087,18.5714285714,126
LnwpMzoSBFM,211634,9.4328358209,67
17YbcEGTqlc,210201,23.3624161074,149
HSqhekoN8Mk,204909,13.2287581699,153
8S53nvkTiB8,203466,17.0991735537,121
BphSvYS14L0,202670,24.3394495413,109
GLjVH6DuajM,201692,30.7051282051,156
Jj-P5J5GO04,201328,7.0,56
zHsR5ad98Yo,200319,10.1688804554,527
z7h8WU71lSs,198819,18.5737265416,1119
Qth9sMAH9aM,198615,16.0,11
KoUlJMoz6go,195809,20.1180555556,144
ZO4u9e8Paiw,195593,18.4646153846,325
tRgmkFntzXg,194502,15.5,70
-pUqFV7T2dA,193821,34.261627907,172
EitSQO-KByw,193564,16.7971014493,276
fifPGODUcbY,193185,18.2068965517,29
vmEErhy7AIc,192737,19.1994134897,341
mwZqNKoevNU,191959,19.5527272727,275
wZBIS-v_Aa8,191540,37.0,2
jXDWv7zlFwc,191314,31.0122324159,327
7MNvYqUymQc,190969,30.9242424242,66
P91nIGt1axs,187065,33.2446351931,233
am8OuCI6bEs,186984,1.0,1
URB0kqeGWUE,183448,13.4214202561,859
MGVNVXWGlxM,183431,20.2838709677,155
VdSIcyBqzMA,180484,17.3333333333,33
8m3ulPfoiIU,177296,18.5321637427,171
FKYX9QlqwqI,176110,15.9785407725,233
8MgoqsfRlqU,175474,11.6552901024,293
aQnK_9KO420,174761,17.0264900662,151
x4Ejk0yRYwg,173391,19.1917808219,73
eelmqJvBxdw,171200,16.7857142857,126
lZlpZi5JZ4s,167833,17.8040540541,296
mD01PFt4pdU,166074,21.6615384615,65
mUS_-Ll-xrU,165826,13.6666666667,141
IiqbOUflplc,165813,15.1299435028,354
Rp2TpbCdsGU,165256,14.2523364486,107
i_zU9h1fdeM,163450,11.623015873,252
noqWANzo8r8,162812,15.2153846154,65
X-nwESWi-Oo,162688,8.4,15
3u2awHwd1r8,162198,13.2666666667,15
h3WwE2p1cnA,161989,14.7272727273,11
JjYjRD4jsdw,161985,15.6013513514,148
WDJ78of9J5A,161230,13.2857142857,70
2KYJ0dsd-x0,160231,34.8333333333,72
93RI4l-O0BY,160054,16.3888888889,36
FKJmTfshnd8,159530,20.9852216749,203
g8qLshzQ05A,157173,18.6443514644,239
v3YPbK3hGKw,156455,16.5207006369,628
Ta1YvFnLA9w,156283,15.3270588235,425
RTX79tIz8mM,156148,12.5735294118,68
dhBcN2V9WDU,156125,15.4096385542,83
tfR7Wtp1cN8,156047,11.5095137421,473
ktiZQFAYucg,154699,9.96689655172,725
vlEBeiGJkpg,154366,1.95918367347,49
liLOmEKY7mo,152230,11.797979798,297
a4i0fIUGAW4,150624,18.7263157895,95
hRBGhkIkkyw,149332,29.6888888889,45
41ld-oYJqvM,148899,16.1880733945,654
zwklubddE4Y,148111,16.372,250
Q_h2PE_IQLI,147317,16.5621301775,169
Hrt5fxAZOE4,146424,21.046875,64
KgJdpaDTwvk,143563,8.0,2
ptBE8AX6vdU,142909,12.4,80
zz3F_dXCvBY,140265,21.3434065934,364
sKsd2Nc14UU,139807,26.2168674699,83
MLM92VdSRvU,139007,35.3333333333,69
e5Kr2AyCR_Y,138697,13.4112,625
mNazT3GY7z0,138576,17.8877005348,374
Z1SuDYweSa0,136669,12.7647058824,153
4ljSzcH24To,136211,17.8550185874,269
jJ5GQ77vLOc,136137,13.0588235294,119
CZLGsTmB3sk,135477,22.2115384615,104
TLWRhAoaaJg,135465,25.6,10
yuWmZGdLhCM,135357,11.0464285714,280
DcxuowAwvNk,135347,15.6682242991,642
MJUbl-6Eiu4,134302,15.0384615385,26
zorZZxhBenQ,134109,17.6976744186,43
zzWj2NriN78,133736,12.8139534884,43
Xx9T6A1Q9pA,133685,10.68,425
X8Qxfz5OFkc,130510,9.02331606218,386
q_LWC07W6EI,130326,34.5647058824,85
-6_kRAZXyu0,129449,20.0571428571,140
63ZZDX3zuZY,129437,6.0,1
eTucmKCs1q4,128044,13.972972973,37
v3H2FFIMM0Y,125233,11.4113924051,158
aiGHcIzKgio,124787,19.1582278481,158
M4-mHzc-84A,124499,15.3571428571,42
iC9RcpLO43s,123777,14.9661016949,59
c15uvRqDBYU,123188,14.9807692308,52
rG5jHALnxOk,123125,12.0662020906,574
lgfLLWjYp4s,123022,29.890625,64
Ul8KVj8j6d8,122649,11.7748917749,231
qvd7_Ht95kw,120691,13.3069306931,202
9ihDRRBD5Iw,120265,23.6563876652,227
la98EoBI9vk,120166,20.4342105263,76
tw6go_uowho,118838,11.5609756098,82
jaFB2OARAsg,117549,31.0098765432,405
ymthChq7b1g,116395,10.3271028037,107
-HY3xrH7pOc,116067,14.0694698355,547
luFjtQm4Nzg,114792,14.9932659933,297
M4DSfsjgHWg,114713,16.2008368201,239
ZCgQRrdtgQc,114603,18.2454545455,110
wwRb7G3nJw4,114113,29.1111111111,63
XUD8EQPEwe8,114060,27.0882352941,34
CHjBYdKAAmY,113567,11.2682926829,41
-X_M_Fp8kI4,112221,10.8118811881,101
IKGlNOHBfrw,111984,16.1724137931,29
oqZ4M-chMFc,111447,15.8645357686,657
XGhcUCm2UKc,110782,12.9541984733,131
WaAUrlg86GY,110449,16.2700421941,237
sHuNNV4UcPA,108700,30.7336343115,443
eYp_NKpBhKk,108654,23.6261682243,107
0K2P1_EEDww,107899,16.063583815,173
AK9_-sLF5M0,106279,27.0793650794,126
WHtCwbKHHYk,105937,12.7962962963,270
7FK6b-OMWFs,104451,12.7068403909,307
Z7Slq0VuBes,103535,15.8666666667,45
BARMzH5bUl8,103389,23.6332179931,289
DdSNh99BoJY,103333,12.4587628866,194
EW5BVFdvY-8,103191,16.724137931,58
_1uOqnukEQQ,102483,10.8771929825,114
RNboJNZ88ro,102359,24.48,25
zSAAFOkZDtQ,101978,65.0,7
R4vwRQoGq2A,101091,14.5384615385,26
XEMng2lrxFs,100936,9.8064516129,31
7ztHHZBodTU,100586,41.3353584447,823
Iq_tRdif9fY,99537,19.0718562874,167
DEp_X9Mzmqk,98259,10.5081967213,122
PJWnBxbN1dg,97877,30.0529247911,359
1vkKg9r76BE,97703,10.5,20
brr1PRBbc6g,97607,14.9110629067,461
SXmkH5lw00s,97067,4.70967741935,31
XlTIAZUFcyo,97014,29.0754716981,53
pMPPxMcBgLc,96944,16.7016129032,124
7RfnxbXaMNE,96897,16.1315789474,76
kSbimaUfhJw,96333,14.107028754,1252
1t5Km0un-SY,96230,13.670212766,94
vPO7lDZbcfA,96181,20.5466666667,75
jzdepHUMlVw,95931,10.9516728625,269
60gH7b_4Lgw,95055,10.6391382406,557
gQl1-bXQVsk,94919,14.7591623037,191
iicqWoBO9_I,94278,18.8787878788,99
GrvhZBZ5n_k,94202,16.4545454545,11
GhZsI6npbjg,94034,10.3066666667,75
fZViokncQiw,93849,28.9777777778,45
CtpIskaNOjo,93600,1.0,1
3FY9LTgJtXc,93459,19.84375,64
MR_dJtBzkuA,92351,9.73170731707,41
Z1v_DlSOrbY,92301,9.375,8
E-fEbAfeE-c,91786,9.89130434783,138
c0U_tJN28KI,91456,9.84124830393,737
RU_wq3jCv74,91370,12.04,50
AYn0VgAT94Y,91210,23.12,100
Og5Tl6MRyXs,91101,14.4583333333,96
h8l6TlF_EGg,91092,13.0405405405,74
31uSB_Wk588,90877,41.1772151899,79
A3HR6elERWk,90499,11.5555555556,162
cm-_WK49cXg,90157,11.243697479,238
r4mSggnZDyE,89853,11.7258064516,124
ugCt1rPRMTA,88700,30.4179104478,67
cwpl9dRwKOg,88619,17.7073954984,311
6NKT6eUGJDE,88612,11.1176470588,17
F9j0y0g-cnw,87894,26.5213270142,211
NaLBvHYYyUA,87795,17.16,25
ICbLTZu5alY,87304,29.2954545455,44
0TIaLTOZHcw,86215,14.1209677419,124
unQRBtxNVKE,86187,17.2285714286,70
v1g8iZRQXvw,85960,14.3898305085,59
8y5Vn8-kx8w,85848,13.2666666667,120
IM1LbVXcOXM,85781,41.92,300
kOnp_kvxw_4,85602,17.6511627907,43
Pn-93NQhR-o,85531,38.4404761905,168
UWHWOVliGa8,85153,19.1515151515,132
cnmIgbvPihU,85073,19.176,125
SODjqrmb-0g,84588,8.83333333333,6
5bZO0Mc0xsg,84587,8.02739726027,73
KC_Iqpxjeyk,83075,6.14666666667,75
GrbUNzQxpmw,82075,10.3872727273,550
xO7YHeasCa4,81071,11.7333333333,15
UCMKmgbNevk,80759,13.619047619,21
O850NgUmo8k,80274,10.69,300
Y9NnOT1WkvY,80013,18.8787878788,66
HdMfsyzzgxM,79478,5.33609958506,241
PZuoPkGYXhQ,78395,16.7683823529,272
ikhU0PEMYyQ,78067,19.9888357257,627
xqXa0j1IoXE,78060,18.3902439024,41
s-_IOeO5VAY,77845,22.6,10
B_cQuSv-Sxw,77702,12.7047619048,210
U-8FKDEhsrg,77681,15.8852459016,61
SRAWFshVt1U,77467,17.4135338346,133
NfVJ622_hS0,76943,27.4591836735,98
VaVU6vcZoIA,75448,15.1614906832,161
ekLIgpRHSq4,75427,22.4782608696,69
YVN1YiWdt4o,75165,7.86111111111,36
Q-7R27gFWFo,74979,11.7625899281,139
aKjv2yxDnzc,74488,16.9146341463,82
2vg_E9fWo5M,74432,9.6,5
FxyinmAe0i8,74373,6.82352941176,17
JKO5VCPuQkc,74167,15.5892857143,56
fpp7Ft0vLlo,74083,11.287037037,108
vgaWagmi3aI,73295,22.1694915254,59
qgxmU5HOZxw,73090,11.3734939759,83
H5-pj9Io6IQ,72878,20.3333333333,15
TIalq2Zu_r0,72765,13.4242424242,66
Ae4AeN9X57U,72600,19.7586206897,29
d-nxLH3nMPs,72599,10.1862745098,102
DmVd8MT9XyA,72212,8.47619047619,21
OTwYn1ZP9EY,72036,24.0,15
SRBABEodZSM,71709,11.8,25
twI_B25EDKA,71094,26.15,140
eTV39iXIguA,71049,11.109375,256
SSSq4_-kEOo,70210,13.8137535817,349
ZDjHQJ6FtMQ,70131,12.1240310078,129
ahUSD4CrJik,69426,17.7380952381,210
NzFtHtwzHtQ,69210,22.5,6
MoeDMKbjUdM,68825,28.3712121212,132
z_K7okD6_lE,68590,9.02777777778,36
RaC28LSS9x8,68440,13.9,30
M6pEFo1I4Go,67954,11.5526315789,76
1-MAjz6ZCTE,67857,14.5,4
-boqg-Yyo6I,67815,14.7297297297,74
bHptGdZprcI,67380,26.5454545455,22
RsGzg8HI8-4,67222,13.0322580645,31
X2ZOUISV5Ak,66702,16.9075630252,238
-5L6b5CIsfE,66365,17.24,125
No_NyW2Ug9o,65956,26.8510638298,47
6lCeRucXKJc,65917,27.7073170732,41
Mr_Jg9rSBr4,65917,29.0447761194,67
IZfhMhCvaFY,65793,16.7578947368,95
EIADSp7oN3Q,65711,13.475,160
K5sQu84sYQ8,64859,11.8608058608,273
6rxW_R-c66g,64744,20.4,10
boBdUHrx5jU,64557,12.8947368421,133
JjtzsTCQbEc,64390,19.0588235294,17
cAn2EEICyb0,63640,33.6140350877,57
WBqWlvkvMU8,63407,19.3660130719,306
JZUu0NQLjL8,63136,15.6139088729,417
0Y6Ww6Wsz0c,62954,12.7662721893,338
EPijvMlRHiY,62572,42.8729281768,181
WeDNNpDK2NA,61959,10.1794871795,39
3RK0lLmJWl4,61716,20.6548672566,113
_35h4Betuf4,61543,23.6944444444,36
0Yd8ThcTuqQ,61494,16.2222222222,36
abWtkAUASgQ,61177,20.7209302326,215
85pTxjSI214,61068,22.1428571429,42
ZHaxgKdfY_U,60905,11.3,10
AILF3vDu6Bc,60539,23.5,24
HJ_cIA8152w,60325,33.3224137931,580
Z2kCCPHvBIY,60210,20.9185520362,221
Y88QCUJCALk,59854,17.359375,64
slORBSSB9W4,59576,17.5454545455,11
2Sw40uuHkFU,59533,21.2674418605,86
sKdtfntTf8s,59524,18.0879120879,91
wofpAKwJKFg,58799,32.075,40
gwsTmJbL0vM,58517,18.4615384615,26
lJJo8Sr1-lU,58516,11.9545454545,22
IvThsHMvIp4,58388,29.3461538462,26
V_wDjWjatjg,58361,7.22222222222,9
Pxyf-0PZod0,58337,14.223880597,67
ocZntJTh7Ik,58226,19.1578947368,38
v5yHLWiGhog,58166,5.62121212121,396
kU7tzDGeHpM,58150,11.5,8
zux_-QFpX9Q,58025,22.512195122,205
oFv12ezJzWo,57751,15.2314814815,216
UMdqaPHUtkE,57646,10.5,12
lXpObr1_-9U,57446,15.9075630252,238
uO6WQMWJ9dA,57355,13.0357142857,28
znozZCf7Wtw,57153,13.8820224719,178
wCzCZB-DB-k,56981,19.1518987342,79
WiVI9yZmvmk,56978,9.18181818182,33
5hKtTqBKr7Q,56926,2.5,4
UpFQAJZY0DM,56751,40.2608695652,23
2FJ456NGDTw,56324,16.3513513514,37
KeKWsf1UzEg,56184,16.4673913043,92
1G_xxTC_UhA,55598,36.5728476821,302
xWQ56aiL1OI,55508,12.0392156863,102
hxqzS1pDduI,55497,13.8674698795,83
ib7J3pTxK1o,55479,12.5155279503,322
KkjVkoNCNU0,55420,13.7222222222,18
w2RjUCrhXj0,55245,16.1397058824,136
lRN22YNfjTo,54640,13.3525641026,156
GHAnhDaM5aE,54130,37.5,58
hLFVZeoHBJc,54085,36.0909090909,11
1eYOKHWySfI,53941,13.0537634409,93
bNO7ZYQMf4Q,53508,13.5135135135,74
hvaRKGoLYtc,53107,30.7317073171,410
S2ZmSVgkk5g,52909,15.724137931,145
CLMB30M2AGg,52848,7.27777777778,18
3Tq0BxJ4dVQ,52836,26.7848101266,158
OQqTLieA-_I,52714,17.0322580645,31
0ACf2gUQ5I8,52610,15.7333333333,30
i_bHsHYM_u8,52396,9.15,20
Up5nK1p8PdM,52322,12.8854166667,96
eNeLezplsbc,52083,20.3142857143,35
VEuBo_Fct74,51920,36.2533333333,75
DyUyLyFYiKA,51668,12.6,35
6IpuViPPCRs,51637,28.5,58
AIW4SxJbfoc,51500,12.8333333333,6
MMKnJty3kAo,51418,17.0,2
joszDJPK-BE,51409,21.5461254613,271
GmXD7zLemoI,51286,17.55,20
8yMHbL7SSco,51226,22.2555066079,227
HmH0FzOzrtc,51134,14.133105802,293
uDp8Rq5qCxg,50693,20.90625,224
Gq8K__N7wzU,50642,13.9444444444,36
sLFiag6aGMc,50579,30.3703703704,27
Y50EaST5jFc,50510,14.0,98
relC-0cxw44,50330,24.5355191257,183
Pmm8MpQw92c,50329,15.1066666667,75
rmThXAGxgDQ,50240,10.2936507937,126
qdMBNyJ_tp0,50001,25.3673469388,49
VruKg9Jop0Q,49992,11.7101449275,69
SfAPCP1NhxI,49932,11.8,5
zIDivZW9BtE,49915,12.7281553398,103
6K8IbZ3z1Yk,49884,15.2666666667,15
yAL-ItM07No,49773,17.6142433234,337
XUsMqr3Lxw0,49430,17.5517241379,29
La8bQZbfAcI,49213,11.6623376623,77
kdzCNd4VmDM,49191,21.2820512821,39
F78zzVaOCOY,49065,18.4,135
34xk0HEeDqs,49055,16.4494382022,89
CKRwClGIrHc,48918,19.125,104
990wMVVTb1I,48887,6.375,8
gw2CCoh2Isg,48580,23.9395348837,215
Wz8NSbdN7aE,48236,15.4259259259,54
dl1gUfDPyDE,48203,17.0197368421,152
oUkEfg0UAsQ,48134,13.0,4
xMycocGvFMc,47442,25.2647058824,34
b-qiRirq2Vk,47437,24.6315789474,19
U5kbylHzrZs,47232,15.005988024,167
xYCeSc_um5g,47196,17.4588235294,85
UuDZESFDDBA,47166,30.2,5
wYVUSfM2yR8,46806,12.0,8
rpq5WGPHqZU,46679,12.5365853659,123
ZLCfOtTxGUA,46663,17.625,8
gKT75vo0tHw,46465,6.59302325581,86
vu_w9wCXgS8,46361,15.3571428571,14
zmpfrlEzKMY,46358,12.8936170213,94
06SwNtMP8_o,46300,12.6177777778,225
rL-y0z1W7Fw,46146,10.5,8
jXF4IzQA__k,46014,12.9147286822,129
YW-nZWmAxQQ,45909,6.43720930233,215
n88i_hAcSyU,45718,10.4716981132,53
rNpQbhZglsY,45656,9.66666666667,9
-136AImTDZw,45576,13.3103448276,58
u7zwrzEyzkA,45535,26.7615384615,130
Yc0Vi2_K2vk,45279,8.89189189189,37
McSphiV3CME,45230,13.2428571429,70
HM9ITrf6zfw,44792,18.3648648649,74
f-ZzWvOlKV0,44773,7.16967509025,277
GdCMU0-GUA8,44533,16.8,10
OXmDZLtc1E8,44064,26.9090909091,11
kdyICXC1hhc,43967,23.5,60
tqF9odFPoo0,43959,19.8588235294,85
2noTIYr0Xqk,43772,11.8181818182,11
FuVXWuVmNd0,43487,11.6728971963,214
QLdpM4qAmtY,43478,11.2290502793,179
q9rb67m5UP8,43320,21.05,20
wn5N5_uc_zw,43111,30.0666666667,15
WdJdErrjRyw,42958,5.84615384615,13
LMJWoxICNgA,42591,10.7272727273,11
GdiNT54o0g4,42395,8.66336633663,101
v4xL5-HvEuw,42315,13.5476190476,42
O9fW6QZNruQ,42249,13.0,48
X85SuRCOD4s,42220,13.7,30
Uz0_eD1LAzU,42071,14.0,10
Bgt0Vdr8o6k,42030,15.4630872483,149
QFjUUTQxAsA,41881,16.6901408451,71
QtNuTpDYRE8,41546,25.182320442,181
StzgxW8HsoQ,41472,15.6017699115,113
JejX11h0A40,41368,21.6594594595,185
qol-An8ZdIE,40983,16.5681818182,88
9rl4JdZH1Sw,40913,38.125,16
PwSIYGhZbT4,40759,14.0434782609,23
jJDh6kTqvjc,40705,16.2631578947,19
59ohrL11iHI,40573,17.5789473684,19
gWa4NMlRgt0,40506,22.1428571429,7
T5tANkR2wRI,40437,22.6,35
eiZj8ev4lpc,40389,20.4161290323,310
v-hsGHRI6gY,40232,23.9,30
49I70kiN4Y0,40071,23.6785714286,28
IY43rDj43ME,39427,20.75,112
0-hl6QkgaF0,39385,18.4968553459,159
6avMevL8qts,39193,5.95454545455,22
HMf1rTzzuiA,38766,11.65625,32
U9plMYf8Itc,38336,19.4448669202,263
bFF3Mi2fHaE,38035,20.6388888889,36
uM3Xl-B6GLk,37964,18.2195121951,41
oUj_-AZwjd4,37945,9.38888888889,36
CxWF0xyObEM,37736,20.9024390244,164
ukIyNq7-8y8,37693,18.925,80
0bD5G3i6xOw,37681,8.33333333333,3
JE5xoYnTzq8,37635,14.3111111111,135
cZpFB_Ut1NM,37418,13.0,63
ip4h4YakTY0,37406,11.6962025316,79
kkBIeWfPiuk,37326,18.7345132743,113
C4M2A4V7IU0,37198,36.4444444444,18
K7DSL3GgfjQ,37071,31.8018018018,111
YOOOujaBbyw,37043,19.2487046632,193
LBFt-vYoB20,36683,36.6090909091,110
jJx3TdretS0,36569,13.2888888889,135
ap0vN4v4ozM,36565,16.9015748031,254
HSgjVDiEbHs,36267,20.9230769231,52
LLfnAkfvePY,36133,10.0,5
9tBADYRU4sE,36000,22.4545454545,11
8sQAJ2baZC8,35679,24.8235294118,34
bED5jJOYSUI,35622,20.9722222222,36
K82lURXU6oA,35541,24.8417721519,158
fp5KtSBumtA,35430,10.3076923077,78
v5JhQ9HSu-8,35372,23.0576131687,243
gMYBiHuP-ck,35075,21.4929577465,71
RAOy64eMBu8,34986,15.2191780822,219
5b9TiJ6GOkg,34952,15.1465517241,116
b7WEyjYSUQw,34759,25.5,6
316TPk9wy9c,34714,14.6077586207,232
qlpAEjqGTvU,34600,16.2469135802,81
N8nMHuRJD3I,34592,30.4264705882,136
fppVVdR5SDE,34477,14.6341463415,82
luc-sM0ny2k,34390,24.5342465753,146
W-Df3sP987w,34125,9.22680412371,291
U617Vty-dZw,34083,17.7866666667,75
aLPc4IdKII0,33752,25.6330275229,109
ldfeNxsAk2E,33729,12.4390243902,41
R6dNem4oek4,33701,14.9473684211,19
YsFrheqLlVM,33482,9.3768115942,138
dVOwRjfI_zA,33416,12.8461538462,26
SEYatr_-sRk,33353,15.0,49
9as0gORqhQI,33321,12.1176470588,17
VKCiOB-kFaM,33283,25.75,8
Y_wc1OPim9E,33271,24.3381642512,207
3ipiBtDr--Y,33250,23.7777777778,36
ItamJVgdEaU,33195,19.8,15
sNKnlXaisOo,33194,53.2,5
hqTwXQsWQ4c,32902,26.9565217391,92
9ebERNtJ86Q,32861,12.0666666667,15
A4xX0sYTAjs,32666,26.625,32
m8LcgXYdQBk,32633,25.5257731959,97
ZtECw7Y2l9Q,32577,8.28712871287,101
3whe8ljmVBU,32550,6.0,3
EaNdjzkYwgg,32386,15.4820512821,195
lpgGHrZuRkE,32266,21.9523809524,21
x9cGgbUsS9c,32225,23.7123287671,73
ZgupUPAwXwY,32196,14.3,60
Mh179a1gDxg,32120,19.5740740741,54
AAF0JiCGJ-8,32006,37.1818181818,11
5g2Xlwb4ohw,32001,22.3125,16
dqkWsokpHMM,31955,20.5833333333,24
ENjvAmFnw_U,31948,12.7777777778,45
S6Fu1zhbxQw,31942,12.0714285714,140
SSD7eW2gLrE,31802,22.3043478261,46
oK_l7efXXkg,31675,22.5609756098,41
FyAFIewoJLE,31574,16.4583333333,24
j1Azljy6K-Y,31366,21.6470588235,17
jFQVhhgFN7A,31291,15.3085106383,94
3mqT7DraG1A,31132,11.9189189189,37
yaZ9lH4zev0,31016,20.3288888889,225
z_BMDhrF6Mk,30959,13.625,24
Uf95GOcQDco,30950,16.3529411765,34
sKo2NCwYhHo,30910,14.3333333333,3
wSYc-e1E_mw,30863,45.5,2
q-ehM2Pz_64,30531,15.3835616438,73
eMYdJXeytVo,30509,17.1666666667,222
eay6u8K0GOg,30415,12.7567567568,37
cFUdbQxTNvQ,30310,21.5,8
xmojDc-ycdE,30121,13.6507352941,544
ABQnCXv06rs,29879,14.94,100
fk6Zt7vrPLk,29868,15.9565217391,69
W2zXHMzHko0,29866,11.6,15
Ny09kqfqDZ8,29714,35.8333333333,6
C7PrM9cxB04,29576,12.4,5
zyavvQEDYW0,29549,17.4285714286,14
nVI4kzoZmy0,29347,56.0636363636,550
nl2s1mHZH8s,29311,16.8095238095,42
xRVwianfi4A,29109,25.6140350877,114
c6EubLEjKwA,29059,11.8048780488,82
f3L81HCce_s,28981,14.6666666667,78
d37yVrAGKAk,28639,29.0597014925,67
j3Poc0bQLsQ,28572,17.9333333333,30
gdnoYhGIhoQ,28509,20.3333333333,9
MTRa0BdTB0o,28429,15.0,1
y7rORHqZU1Y,28423,27.9090909091,66
0OihmxIPLSk,28413,8.91262135922,103
GW4967JxI3A,28287,18.8953488372,172
OsgPuDewtpo,28148,11.9219858156,141
ZhAMcjo8I2g,28141,12.9480519481,77
R-cvXCN-Yyg,28122,13.3793103448,29
eMslVDYE9O4,28021,19.3793103448,29
9CrTcxx4qCg,27991,6.42857142857,7
7RkKl1XllS8,27915,11.7894736842,19
WB6BXqHzEJs,27843,14.1413612565,191
U3u8_9IPo8A,27693,16.25,20
N3k8XlaCl3I,27646,15.2809917355,121
7kpcmCJTzo8,27472,21.6701030928,97
dID1bJWq-Fg,27376,6.0,3
v0jvrRUxDMs,27367,10.3846153846,13
RsD4T3QLWNk,27273,40.0640937285,1451
zZ-jLh4NEKo,27254,17.4802259887,177
Qhfkddd1ESg,27218,6.78571428571,14
aqtO7Tyb30w,27197,16.0,4
pFtE1F_aU_A,27105,9.66666666667,3
JF_b9-Wa6-0,27077,13.7368421053,38
MhExf5cUvZo,27049,35.2389380531,113
yHlFMiyHPko,26805,11.746835443,79
8cB2jUuEGuc,26788,34.46,50
gmWkwphVqtQ,26575,14.2264150943,106
WFHhrr75pZg,26559,21.9090909091,22
jhgdOM6Wq6w,26496,12.1485714286,175
MM04j2j8o8k,26434,11.9,20
MTVBWRIOUs4,26078,14.5921052632,76
QvGXu235Tf8,25892,12.4705882353,34
ObZM0fheFCE,25874,13.6268656716,134
8wDsSpJzfYA,25765,23.5555555556,27
gOI4eSQz1Lg,25666,26.9285714286,28
0shDZzAaj2c,25599,14.5666666667,30
J7wQJKWvF8Q,25560,20.5966850829,181
utGYPrDOlGA,25472,20.4,15
V3K25_vNOC4,25179,9.66666666667,9
LcM46xBejOg,25091,5.76923076923,39
dKwFV0PjNeA,24976,31.0357142857,84
Rf0KqI3-UVI,24969,9.18699186992,123
gAXGHJjDWX0,24891,3.0,3
hVnelHRrsOA,24862,21.448,250
dP21lh9QPGo,24712,6.0,1
2EFTKqnBl5A,24696,24.0138888889,72
81mCtyXmdvs,24677,25.7857142857,14
zw4G_NWJ-Vw,24655,20.0,64
DPVPjepgo0g,24373,12.1,10
mlmYCPxgdxc,24351,9.0,1
Us9SZndHIRk,24349,28.2,25
Yhdoraz2rC8,24338,11.8666666667,105
CdZPcZhqQ7o,24216,11.5434782609,92
Um6RyQgeIfY,24079,17.8244274809,131
mtvEYoAg1vw,24071,22.2010309278,194
F6VYYBQQofw,23982,25.5333333333,15
00bbu1IT36I,23923,2.0,3
I1cSG84iGUQ,23922,13.5161290323,62
n_7oPRnewBw,23862,34.9333333333,75
lxFkdFxEYzA,23830,11.3620689655,58
YTHHoP0XG0I,23791,34.1428571429,7
Y12AEFCt0bc,23758,29.0,10
GR6e3XcYpLU,23733,10.5,2
PM7xb4wXr60,23694,24.0,2
VxnPDWuwxaI,23644,16.1470588235,34
lDdFSbk_Dg4,23593,15.8,5
D6aceU7H6Ts,23585,22.6222222222,45
Rp98Sr5j7QY,23513,14.9850746269,67
l7cZUL9XGKA,23507,6.92063492063,63
Dh7Q-dhvrpk,23390,16.4,5
b4yz_HkRGD8,23262,12.3684210526,38
76BZZic6kj8,23138,9.7,20
Se8-RgMVssQ,22988,9.42708333333,96
jY2CcZk_aNQ,22910,36.9333333333,30
WplYhxyFd3M,22862,14.8571428571,14
lUj3_TJ8v2Q,22840,8.6,5
aalbuXHEAOA,22824,14.9,10
ZLa1sZq5PS4,22787,13.2,20
Tf5j1QLEuIE,22656,19.6727941176,272
2uXcIs24jhU,22543,31.0833333333,12
a_MzQYgTmio,22534,14.0101010101,99
xXLp1eKVl8g,22497,11.1315789474,76
fPJJZsvkqMk,22458,9.92857142857,14
e1qc6i8ouzA,22349,32.2727272727,11
qiwlrzJt_50,22333,7.6,5
NpXMDhfRabQ,22209,16.2297297297,74
HRkRC-MjdB4,22182,16.9493670886,79
GwpJwS4EGo4,22120,9.31578947368,19
XiZk2yKuVqg,22032,13.7647058824,17
cvMsU-vZPaU,21994,24.3714285714,35
Gc4gqsPQZ_8,21984,10.0418250951,263
6Kw8dAK2th4,21947,14.0,3
BRwW2VMzxCo,21833,23.6923076923,13
1c1G1jaWclQ,21685,13.25,20
E43ueRhjAZM,21620,13.0555555556,18
T_pfPPPDZKA,21567,19.3866666667,75
X4_uFUPR5cI,21507,16.0,77
1T-ZM3FhLs4,21469,12.125,8
4qvOGVlUYqg,21361,19.3333333333,3
dR0kTlU0a20,21300,8.5,6
tR-BzBXAYm4,21281,18.6571428571,35
Bdbeiwm7XNk,21259,7.33018867925,106
piCop4IoSbM,21248,8.66666666667,6
oCYiS1Nh2xk,21223,18.0714285714,14
YxiRxlRtZAY,21204,17.7142857143,14
N_BPEW8ngO0,21158,23.9090909091,11
GK4fQkwuDxM,21065,11.1,10
fEyahwmqCPs,21059,9.2962962963,54
GfK9vSOxXdE,20949,18.0,71
QC7ZezQof3A,20846,21.0952380952,21
dehslGd8KFE,20798,23.5161290323,31
rePXzJ3PR8s,20792,13.0,9
kzHRdnjuNdk,20782,11.8918918919,74
ing1FULuou4,20765,14.7272727273,99
ZihTnwQ5Row,20689,11.5555555556,18
55TKPpeLVmY,20628,33.5652173913,46
xIVqSis5h0o,20505,22.0,9
QqTRkh2xRUM,20418,9.27419354839,186
5tQrUMoqkjk,20375,42.6666666667,15
H7T9B4wNbQY,20354,15.908045977,87
MIa4FKF51JE,20351,10.4,5
GMkkil8-obA,20333,49.2580645161,31
a8SyKRbq0kk,20315,18.8064516129,93
zdFqBj1dzlc,20280,17.7472527473,91
LTNsv3XP-GE,20274,5.66666666667,24
GQ1Ew1P3HS4,20252,15.9393939394,99
CFeQL4cVPMo,20211,16.4807692308,52
-UvVtpmh4EQ,20144,10.25,4
gZZfc9OA-JQ,20036,30.4382022472,89
AhG4Hm6QCNI,20015,2.0,1
xCsRan_5s7Q,20003,18.1666666667,72
W9gt-cZ309w,19968,11.5614035088,57
63nJCOIXMZE,19937,20.8115942029,69
rCZppwgDhtc,19919,8.83333333333,6
Pwdrj81z47g,19862,13.2222222222,27
SKn5AHEVPro,19791,12.7777777778,9
3xMJ8k2r2Vs,19766,9.66666666667,3
qi8x49KWn8g,19741,16.5789473684,19
nscwRK2n2nc,19730,11.8125,32
MUqcR1_3NE8,19505,14.4444444444,18
lzYFzKWm41M,19342,9.0,1
D0JRWsXuaa4,19261,10.7692307692,13
OOutP0qMaYE,19254,37.2,45
QMflZVTRPV4,19103,19.0476190476,21
LTWjptNXa1Q,18898,19.9795918367,98
WABU5lmXmGw,18890,8.3125,16
CVYh0ceW54E,18874,29.2857142857,7
-AYhMAXunko,18859,11.5,4
sJDYIzjdNB8,18806,21.6,10
nzNFVAIxvV0,18773,14.6666666667,60
5bVUF_vNWdE,18646,26.0,10
oRw-8Wr7As8,18427,23.4285714286,14
mTmPSqevOBc,18413,20.7083333333,24
ESDiYu5ipI0,18382,13.7777777778,9
uPR9deUQUVs,18371,13.9166666667,12
00O4NQQ-NW0,18341,6.0,1
qChCrAAhX8Q,18305,8.16666666667,6
WwxeLqqMF3U,18229,9.35978835979,189
ODN0oZpAIII,18111,11.9117647059,170
Er7rITjfyQc,18099,16.0434782609,69
rgUJAEPE5ko,18032,29.3333333333,9
16F_V8dlYPY,17970,10.0,6
ON-97OkWOfg,17919,14.0238095238,42
eotcuThsfzA,17797,25.0,17
ZijZN1obiFk,17766,22.1428571429,7
Qk1cg1ZzOTM,17765,26.5,8
zVk6xykBJQU,17680,9.66666666667,18
r5lw7NCed-g,17511,29.3125,144
9f17JQWlHv4,17320,24.1666666667,12
zG7df7YKFLU,17233,11.3846153846,13
oJ-9Vdk5N0o,17226,18.0,18
xiuX75wj7yA,17192,11.0,12
39u77R8L9Z0,17111,18.5815602837,141
WsFbcKlc26c,17100,8.83333333333,18
84Ch6S4-7Gw,17029,48.3703703704,27
vyAcd_8X3zA,16976,14.068627451,102
c6JLRM5Xvck,16929,16.1475409836,183
f6j6NwZND9s,16893,9.0,3
6o3cVm9pqrw,16844,17.3472222222,72
7_TPcTdnj2Y,16696,17.2894736842,38
TB0Op4KCO28,16635,18.8333333333,6
yRQW_UTbarw,16623,10.0,1
KcJvtq4QaXw,16575,20.484375,64
zq9KTfWA1UQ,16557,24.125,8
MvDstdsr6AM,16390,15.5666666667,30
cTeXyLFz0H0,16374,11.875,8
xZ26TZWbutM,16353,27.0,26
jxqlwNlZUJY,16336,11.4,30
f1OWWhpPstM,16308,14.36,25
QmuLq_Sv9d8,16232,18.347826087,23
jzKc54pJiWc,16114,13.3484848485,66
bN1KzMFEmQc,16085,14.7592592593,54
nJTvSmJxKUI,16082,22.15,40
DvOnrKymEyI,16079,26.0,1
fRj6CGOLVRA,16063,11.0597014925,201
rmtc8qItz7Q,16039,16.5294117647,17
fW0dvC-xcWQ,15797,15.8,5
419cgd_fk8k,15758,9.54545454545,11
L3khonZqxOw,15754,24.6153846154,13
fPDFFe7lYrY,15734,18.6206896552,29
g4-_2tcZje8,15690,16.9,60
O0R_uiW_lwI,15572,27.0416666667,48
LJ8iRmVsJcY,15570,12.7480916031,131
O5KaBtWwu7I,15497,8.81818181818,11
0EQczzWM4xA,15396,15.380952381,21
UTKrVhKmDaU,15384,11.3846153846,13
Fg1WjsB9Qs8,15302,5.25,4
0n4z5XgOir8,15253,6.7,30
YXQg7w_dNBQ,15243,11.4090909091,22
DtYtXC4Izqs,15193,6.71428571429,14
o0EmQR5-BVA,15190,11.1176470588,17
LMRNcuERud0,15169,15.5555555556,27
Vf0EavF5Mpg,15059,22.0666666667,15
UoHH0MrBIc8,15054,12.6,5
DnzIvIVr04o,15029,12.1724137931,29
BPveDTTs14o,14932,16.875,8
CNcIWNfeRBQ,14931,22.2857142857,7
VzzYOY-eaQA,14885,18.1607142857,56
1zLIuXTTcwA,14848,4.8,5
MFVzS7PiO3M,14831,18.2,5
E387Lr9Y9OE,14813,11.9215686275,51
dvU4z-iAWiU,14784,15.2878787879,66
DOHXBTOSTvs,14774,13.3277310924,119
KpLTaeNrPBA,14750,36.0,4
ZsRQl0HH_zA,14679,22.2727272727,11
OjamdmNHRXw,14605,7.375,16
IiJZOFS1uRU,14591,25.5,4
EmmYazDEqNk,14475,10.72,25
oymJY7SXv-A,14369,10.75,4
7dUtlSXkczo,14355,17.08,25
1Fidewz1b-U,14223,16.5,18
AO6JS6arNKE,14118,15.96,25
QAHy4JSHAQ8,14094,2.0,1
7hHEuDgXAHc,14047,15.6666666667,6
ZvxP4KaJr0M,14014,11.0526315789,57
oEg9N3pmW1M,13989,25.875,8
u0lq3c_ySc4,13977,15.5897435897,39
jaoESmMS_sw,13937,9.85714285714,7
VgB_GYwCiSE,13914,35.1034482759,29
B0gE7B-b_uw,13829,23.5,10
lOFOZ-6OvBk,13822,10.0238095238,42
Bd3kWAEzLL8,13808,15.7777777778,45
-AFBkfY54Do,13793,23.8648648649,37
w4gOn1TNTMc,13742,4.0,5
pjojS1-BzhQ,13719,15.5,18
2T3rhSrYCVs,13712,15.25,36
KQVXbZPf28Y,13622,16.5333333333,15
h3Ker2xsy-U,13572,7.0,12
hhs175UKkuM,13564,11.7777777778,9
53jV1Gk9ras,13523,14.2631578947,19
x6SJ6CEj_Ow,13475,9.0,9
8TVUhPY_kB8,13453,18.0,1
eJ6d7wtbWc4,13279,15.875,8
P6Z0X3dPpho,13268,9.7,10
yycGYDp52LI,13261,9.11538461538,26
38jrus_-JMs,13239,19.6904761905,42
hSAANmHl4DU,13221,24.6,30
9joBk3rurZM,13118,11.7333333333,15
7slGWBMiZZQ,13067,7.16666666667,6
sN_Bvo3oY64,13030,17.1111111111,18
XSGUlBQJx68,13010,8.60655737705,61
SWFNr6yOySM,12939,6.625,8
J-Ej_c7sfY4,12915,19.9090909091,11
qLg8j05irQA,12850,21.75,16
vrpKxXI-gPQ,12800,25.7142857143,7
CaRNULMUs2A,12799,31.9344262295,61
WBHmf1TbcC0,12789,4.66666666667,3
Ki-lQ9Rq7bo,12731,9.15789473684,19
Lf_lJDFv_1M,12638,10.6,5
yZyntKIX4O8,12575,19.6363636364,11
-tqta1sNXHQ,12524,16.196969697,66
0xRojLcsftQ,12524,16.9090909091,11
Fak84cfByic,12474,29.0,2
sVlRQn9aJCE,12459,16.3333333333,6
XuZPqiJN9h4,12449,9.14285714286,49
Ziw-8rCrJNc,12449,10.1428571429,21
UiPasf8SZxs,12415,21.962962963,27
dF0MM4FRVhA,12408,10.0,2
cD37FYC_WVk,12383,12.9122807018,57
ew-sfLkQGNY,12264,16.7142857143,28
Svan_57i3I8,12118,13.4615384615,13
IhYX7W4l8VI,12092,9.09734513274,113
Qq6yUcowSMA,12017,16.3076923077,13
OSB8GXkjxu4,12010,13.6666666667,3
0bcAwhyD_oM,11856,2.5,2
bCKg1LLgzJQ,11793,7.0,3
E-9y0SQQbw8,11782,37.6788321168,137
skgP4COJPhQ,11781,5.33333333333,3
ZZ4amKNHs30,11772,33.4210526316,19
sb7MWq9iLjY,11736,12.1818181818,11
wSyPQnXNido,11697,5.0,1
wVNI6kNgxbk,11665,59.5,4
QBWO0dw6GIs,11526,14.875,32
DXID_xiRDE0,11504,10.0,5
SPzh7G1aqNI,11360,10.6666666667,9
Z7xHnU4jCtQ,11357,8.22727272727,22
5hmWKDIcfxE,11355,20.625,8
KwyPzdtDeDs,11308,13.59375,64
M_nxCwvVuOI,11275,13.1428571429,7
2JLOQzu4BKQ,11258,59.0,1
YnIAl6krJIk,11208,7.8125,16
7h6HcG1WOBM,11179,16.5185185185,54
gLCFOlHXNVY,11174,8.2,35
9zRlr2bwIVw,11138,8.18181818182,11
f3yld-HgCro,11138,19.25,16
EUzRKf_Tgiw,11134,10.0,3
FTLK-TFUQFI,11133,9.55,20
bX4FOtQIdbw,11027,11.1071428571,28
b3-RpscaHSg,10999,8.5,6
s0h8VNmhoIQ,10939,31.6458333333,96
tI0nwQo1g8U,10916,11.6666666667,3
LZAQhL7WkPs,10865,16.4,5
VbZ8XQwFG6M,10847,14.4090909091,22
_745NTszIO0,10846,22.1666666667,24
7k3g1mRx3LE,10836,42.512195122,82
fqoHSACQ34U,10816,66.0,4
p_pAhPecto0,10814,6.0,2
E9OU7kTZEtM,10804,3.0,2
xxgg7bmvurU,10799,20.9230769231,13
ozDKjD41HjM,10749,15.5238095238,21
j9319v9ENUw,10675,3.0,1
53S0hDeNUZo,10589,25.1538461538,13
Cri9dWLtw78,10574,23.6666666667,3
1naBqEMvCrY,10571,12.8974358974,39
P6IAKYD4DpI,10535,15.6,5
BD2HxQT7eHE,10486,15.7333333333,15
xqupKsVVzaQ,10450,24.0,17
hUXoRoKSOac,10448,16.8,30
t1ewcGtyIQ8,10443,20.3043478261,46
7gybUHWv9iQ,10440,3.0,1
d0g5R583gAA,10425,17.6666666667,81
SB7R8IhF1kc,10418,13.9166666667,24
yNToqkK_QIg,10348,17.8,10
Oc9BHtl40Qg,10341,14.1666666667,36
4zTXxpXOoe0,10304,41.88,25
lVzH2tjJRBw,10285,17.0,5
nlfcG86zcgk,10285,19.0555555556,36
td1tVeKKziI,10279,10.3333333333,18
FWNPZe5ESCw,10271,14.4948453608,97
m_i8WPZ1Soo,10268,16.0540540541,74
9T91HvBuQIM,10225,6.0,3
jBZVoWWtjcA,10192,18.5319148936,47
ex6LcQjTfuE,10142,9.0,7
oH2UMg-_V50,10059,11.8125,16
M5Mrz7PoS6A,10009,29.6666666667,9
5BsT9r1RLFc,9953,16.0,1
OhY74q9cigY,9948,20.6833333333,60
sFCZr3ZTKLk,9912,38.4848484848,33
UNaeXEDEjeY,9906,18.6666666667,30
kUJsbZaUNGg,9900,17.5833333333,24
t7jhfr4cbgo,9868,50.0025316456,395
ym4IR_nKGOM,9866,48.5749440716,447
eTsZXzUvcss,9858,10.0,3
vIyC-R1Z9cs,9850,19.1428571429,28
jhcUqHdsSIs,9849,49.3333333333,3
r_i1wNJcHf4,9808,20.1666666667,6
Zrkt-bC5m7k,9803,15.3125,32
AFSy0F1qs9M,9789,8.42331288344,163
AkukJueDkIY,9775,28.78125,32
796ZIYPhaHk,9761,14.9571428571,70
GVUZzlq_90k,9738,25.6666666667,3
Iq3mg0okG6U,9737,21.5052631579,95
UgJh7Y1lSBU,9626,12.6666666667,6
GiZSzPipd3w,9593,20.3333333333,9
vWvD1qbWnDk,9569,9.74509803922,102
J72jfEL7GTY,9456,13.875,8
tQRzCXARlO0,9386,30.6,20
6MUiaqcQ9ek,9361,7.61111111111,18
AFXSDXEw8Uo,9272,8.54545454545,11
XgBIxAMgi-o,9259,25.1176470588,17
W-f8YPAO0B0,9234,7.6,5
hkLihZSc32I,9224,23.3333333333,6
hRV0S442DiY,9214,20.5,2
Gqbdk8PP6C4,9060,31.25,4
LFOYCdv66B8,9032,25.4166666667,12
dH9Rj0NQvOQ,9024,32.0909090909,11
7axYmvYAOj0,8985,14.2727272727,22
GFsUX4gUktc,8943,9.88888888889,36
X_8tNZwl7bo,8929,44.7777777778,9
ZjD4KsowW-8,8899,10.4375,16
Nv2-jhdOUrc,8844,7.5,4
0N0GibTKe5o,8828,7.14285714286,21
XucmgeggRoc,8819,15.2,5
QkE08-OcCAc,8771,17.0588235294,17
oxIExmNnWoE,8661,19.25,32
4rseDSQOYhI,8614,15.1666666667,18
zHNkyw-xOhI,8548,5.6,5
2X7W7jCIUfc,8541,15.7,10
Ip57kvxBjR4,8536,9.9,10
RMjp2YQaFS0,8527,13.9583333333,48
ubR-qcL8jmg,8503,16.8571428571,49
AZK--hfXpdw,8431,23.3333333333,6
2lQh262SBYA,8417,21.4042553191,47
9L8iCUDb23A,8409,12.0,14
zubLRZLsNNY,8406,9.21739130435,23
q1aGDbXQQuI,8359,25.0,5
m4oKSWt5_8o,8302,10.7058823529,17
yHzdenoXzQE,8297,20.0,19
fskOVXyuDUU,8290,15.8235294118,17
-F1JCZd0keY,8247,6.83333333333,6
bD-04HiCaxE,8239,10.5,10
SpgFw8FM5Oc,8227,18.5,4
RAbL2Mj6VDw,8179,13.9361702128,47
nBTkey6mE5M,8178,30.0,5
inOCqaZmWMI,8151,14.5,2
XUboXpwaC3Y,8053,15.9387755102,49
Hx4fPfoMN8s,8052,15.9166666667,12
p2RuTLxwKIY,8029,5.58333333333,12
o2NXN6y-ioI,8027,24.8,5
Oi7EnYfwtN0,8024,14.7777777778,27
J4MoWeKcFq8,7966,9.85227272727,88
IkULEnqef3o,7918,9.0,1
pCsoN86O8Zg,7912,23.7647058824,34
p4A3XJUb768,7896,26.3963963964,111
A96C2l-ZNGs,7878,14.5313653137,271
JY1zHATnxmo,7859,28.0,2
8nliebz8WH4,7857,24.9285714286,14
OSmky9eV6kM,7855,17.2,40
6TgfnflriPQ,7825,8.0,1
TncQ1PdveqI,7820,27.3432835821,67
fMbYnp9avDk,7802,5.33333333333,3
ot7MVEG1ecY,7793,16.0689655172,29
PdUwLrkpkgk,7771,16.724137931,29
up-yKAx4L8M,7763,8.48484848485,33
zcBi3jSAsQM,7637,10.5,4
Xo71VgMQo2M,7612,9.5,2
GKPLZcSdwXE,7555,22.8125,48
SJTztc6omT0,7522,23.7333333333,15
P_GGmYX7snc,7516,12.0,1
k2vgVUXf3HQ,7512,9.10526315789,19
ACbhpfErkWY,7481,5.0,1
tbLFlIq8Lps,7452,6.16666666667,6
l3YmSrX9kJA,7426,16.4838709677,31
8FgQTzS91v8,7425,7.83333333333,6
jF4vf-JjDyo,7421,5.5,2
HOs4BQuFPaI,7414,20.8275862069,29
msbEX4hdLbI,7386,17.2307692308,13
yppDnSMUXL8,7340,20.7142857143,7
5p9dLosWOUA,7299,16.8684210526,38
3sbym38imDw,7296,4.5,2
6fN0uGEias8,7295,11.0,13
IRCef-O0cM0,7289,41.5,2
99g_KGhtoGc,7277,10.3,10
KyxS07A7GAc,7256,10.5,2
CYUgixp1Cpg,7227,10.7,10
bXohRGJ-4K4,7204,24.375,16
eLmpCq9jV_Q,7204,15.3,10
0fb25J_2rnU,7183,36.0416666667,24
29_GBEOyi_w,7176,14.1707317073,41
sf_amlYmx0M,7165,8.875,8
i0Xn1YE6xP8,7156,11.0,6
8S7qhcW6bTU,7125,11.6206896552,29
CPAZ5LjQ7vA,7117,10.3114754098,61
PHeg3XKBVbA,7095,9.4,5
z_hgnDeRTz0,7092,12.0,3
4eb8s_AieWw,7087,12.25,36
HM9D-WPhAQs,7082,24.8780487805,41
bgctv7YRmQw,7068,15.375,16
n8SpS2RAlfo,7059,13.4285714286,7
RL7WFo4g_uQ,6993,7.61538461538,13
6OubJSyrZxs,6991,12.0,1
MiQn3OPfSqo,6988,9.0,2
msvitT3MFEk,6986,27.7777777778,9
SemYKAdygAw,6986,18.2083333333,48
B7SJqUAMowA,6952,11.0588235294,17
oQBnjnCnjzk,6951,12.64,25
SinJ8t4YoUk,6924,8.0,1
sWGRZ2NSX_E,6896,32.9285714286,14
ZxlvlceI01A,6880,35.0,4
OTZ_JBQuDus,6827,9.95238095238,21
5ULX_UQDhQU,6801,33.6666666667,3
mJ6dc73SUXc,6799,11.125,8
gCjYr7yc2gM,6794,16.1739130435,46
dLEePlYrnjY,6727,4.0625,16
-xBwn2mhw6E,6722,10.4,10
fddlNTWbbxg,6709,21.6666666667,15
L1Lht5K3Uxc,6698,24.9189189189,37
m6lw8bXZdA4,6612,2.5,2
zg5Fzh9GlEQ,6573,15.25,24
Ke4Y05IYWfQ,6549,13.4583333333,24
iiv268rQr84,6488,9.83333333333,12
4Ny2FXcaNAY,6453,11.40625,32
JdMhcuJOFvI,6449,19.6666666667,9
p98uIC3hTlA,6448,30.0,3
DTQ2XcnYgss,6436,13.5,14
cPYcfdlHUDY,6433,14.8333333333,6
PFGTRBpfgwE,6429,8.5,2
dDJObxkOLWA,6423,13.5,46
mYk0wNusKsQ,6410,2.0,1
RIAuoYqXrF4,6379,26.0,7
qy-C3KWbhcE,6334,18.2878787879,66
rB2MxbvHxfE,6311,13.9215686275,51
Qh3XB2HJur0,6274,15.375,24
7yzQcfN9lgQ,6220,18.0,3
eZt_EZLv8wU,6202,17.4736842105,19
5QPwKGyFnRw,6195,5.0,1
qHr9gdzG-Yo,6177,9.84615384615,26
lxGqCSDPkss,6161,12.6666666667,27
QtQnXA1KKMY,6145,19.8,5
rkML-F3YFvI,6124,8.0,1
TUzW0yKmRAc,6124,16.4285714286,7
Zz1viApQ2vM,6121,10.3333333333,9
sTDeyoih7nQ,6120,18.2625,80
JHJZwdO6wWU,6115,44.0,4
8hLzw2kO3qE,6061,11.6428571429,14
vfBSzdG7OCo,6007,27.7,10
vppu4rvSFd0,5953,15.2058823529,34
hb191POyf2g,5949,14.1666666667,6
GuAH1WzVkEI,5919,20.3636363636,11
JbIKHxslaSo,5865,7.67857142857,28
W3CaK-7zmH0,5838,12.7647058824,17
3k4tJDTFnw8,5828,32.3333333333,3
DgijePMhuO8,5800,12.3333333333,9
tKtHiaOR7IE,5794,18.1666666667,6
EGRyH4mIS30,5778,45.0,11
qyRxPvbj6I4,5731,58.5,4
11mZleyllfg,5722,18.4,25
0XLseb8tp5Y,5702,23.1739130435,23
o3h8IRsbW7g,5666,8.66666666667,3
ZGqejCCi45g,5625,12.0,1
pqS3jC5ZwrM,5622,20.6428571429,14
aFy5XoNNvS8,5613,39.5,2
wuPnaFIQhhU,5608,12.8571428571,7
la3WTqaJr3g,5607,3.0,3
jF6BKszFVZo,5592,13.652173913,23
1Lo3j-oAtfM,5581,11.5,2
yFVD1x0D74k,5572,16.8333333333,6
wO7D0MkCVcM,5566,16.8709677419,31
BGPRRaFZAR8,5559,11.6851851852,54
-1DyxljCBd0,5500,17.2727272727,11
BEjDhQoh530,5483,11.75,4
m4ciDT2a_bY,5453,26.1428571429,7
PP6QuNEQMKQ,5432,10.0,2
Zm0LEEJwrZ8,5399,8.0,3
ao2CC8C_X2c,5383,19.75,8
pEX-vtXyIJY,5365,24.2352941176,17
wbCcXLqbpiM,5312,8.41897233202,253
XhDPLFaWWYI,5295,21.7142857143,14
fPW3hd6kFxg,5291,5.0,1
KCRxyYplICw,5271,42.0,17
c0OIPLiRb4E,5237,13.125,16
hxSykbNySWI,5223,11.8666666667,15
GHxQXWqiHfM,5208,9.0,7
ZzFJ7_Z2DG0,5181,18.5454545455,11
GdIlfQMhUZk,5141,23.6,5
ZZk4UWYZGWs,5116,44.7685185185,108
J5f5rS6YEyQ,5107,18.5,2
Slw65RNK_rY,5098,23.75,4
IzyAK4rtB4A,5095,38.5,4
zkbUN0md2Mg,5094,11.4,10
mEaTwnbxyZw,5053,12.0666666667,15
Ql0u6wlRmaY,5025,7.25,4
cnzktMSfos4,4987,15.2083333333,24
qvGN6dzPFoM,4976,8.0,1
UX17jquA0MY,4976,19.0,22
h-OjDte3Q5g,4969,8.95744680851,47
jWNaLpCwFEk,4969,36.625,8
5DqFKVb47gI,4960,43.8461538462,52
gSCEC2It7wk,4957,17.75,12
c9Aje_KevcE,4940,36.0,6
3fwZKInkV98,4860,19.6,10
luJXYY5WZwE,4852,18.1904761905,21
yR_KLMZ-uxA,4826,10.7604166667,96
kDvqw-I2sjw,4822,14.2857142857,7
updvWAAblwo,4765,11.4736842105,38
oEUZCqet1Zk,4731,17.8823529412,17
T1RdAPia3kU,4724,11.0,3
K7d7uEz-XQE,4704,25.5,6
W13-gj1Tndw,4671,7.28571428571,7
4plLzYVEgBs,4664,8.4,10
jD6ivcwXo6s,4638,16.6842105263,19
-qcO48Oa3Po,4625,11.5714285714,7
6f_0s5Zjm9o,4612,9.0,5
WfjniNnlXHs,4561,8.66666666667,6
z5aqYI9lNlg,4545,5.4,5
T0nS1x8RV2Q,4534,9.8,5
pyyNr3uQ2tM,4530,2.71428571429,7
sM59hql5x40,4500,13.5,4
PSQ7UpOXb5U,4485,16.0227272727,44
yXOTp3jnSUQ,4481,28.75,4
centmojUaP0,4475,22.1666666667,6
gyn9e0cT3-A,4458,37.4,5
lA7pz0UkzFs,4455,42.8666666667,15
cVF1APhqZ4Y,4418,9.33333333333,6
OWBVvdfSQ7Q,4404,2.0,1
SDONdw5ZeaA,4392,44.0540540541,37
p4Pujutr0CM,4385,33.5,2
G00ZaNgqi_c,4364,7.66666666667,3
xedYwgAgi_Q,4362,9.71428571429,7
XRApEoQ-yII,4354,47.5714285714,28
jBChreXx-N8,4348,17.5,2
zgVywFHo_oI,4303,10.0,7
pI0e8gEDqgE,4290,3.5,6
vmkdZxl0hGI,4281,21.5,2
iyzcxRRx9PI,4254,37.75,4
3I1I5MzxnoM,4229,8.77777777778,9
pVGApIma1Wk,4225,27.8970588235,68
oA1DV_0Y8-E,4219,29.0,4
muUItyPIqIc,4210,7.85714285714,21
MB8hsHk9OyU,4192,42.5,2
RBM5yJhVyT4,4174,31.75,4
hHsNHzPyC3M,4166,5.0,1
BVasVOkMe2U,4158,19.2,25
AK8cPWYtDZk,4147,2.5,2
PVstPkZZIvY,4146,19.4,5
tngQFKsjMyI,4126,15.4285714286,7
VV8BgTC_fak,4115,10.875,8
QIYXTLCsOec,4083,8.0,2
57psz6byY1w,4067,12.6153846154,26
t4emJ_sgdH0,4066,20.1666666667,6
BN9H-2mxtYU,4050,11.0,1
oNXFgXQ77xA,4041,7.75,4
odTsRYW9FW8,4027,12.7272727273,11
rWZUsktpRas,4026,9.66666666667,6
wiiwXSyK3ms,4007,5.875,8
5c5jZ475SDo,4006,12.6,5
o1DR03lERuU,3964,24.3333333333,9
wz2BCb-fYWw,3960,7.8,10
mOMLILMHnXE,3949,15.0,1
0P6xpDFRG8E,3938,10.3333333333,3
5uTYgQ4ReIY,3928,24.3076923077,52
nT0BAmXrNq8,3902,12.3846153846,13
OnT82IadWt8,3901,4.5,2
LYU-y3qyoOQ,3878,11.88,25
IVxtZg677xI,3870,20.5,2
PGJwXelO9oA,3859,10.0,3
To-1Se_3II8,3848,10.0,1
qOHx2pK2VdU,3831,10.6551724138,29
Qyg63cGL-YY,3830,13.7878787879,33
HPAgAdEhOiA,3820,13.5151515152,33
H0nMEwud07U,3796,38.15,20
-kJ4xzcfQrY,3775,5.5,2
vqyLU2kA5Os,3767,8.25,4
t8sNGoQYnjk,3764,17.75,8
UFhUwQUVyYk,3746,37.0,1
TNhRzAPegno,3739,10.75,4
5UWdinDobus,3737,11.8333333333,6
lTO3MmzKu9w,3728,13.7,20
k_EV2ZuUUx4,3719,15.125,16
M9OmnztQqOk,3679,14.0,4
UC0qQD9qgrE,3676,18.9393939394,33
oLTMBr6oNfo,3671,13.3333333333,3
EyWjki9bgN8,3652,10.25,4
J1MW5AXgKJM,3647,12.4,10
GUMWHAm-M4c,3646,14.3333333333,3
005toE1HR-o,3570,15.4666666667,15
oFPvOyd-KK0,3569,6.73333333333,15
hZ5HMXj8ItI,3554,17.6666666667,9
Y5NIBctPtec,3554,17.1428571429,7
SZHZU-v7N1E,3538,10.9166666667,12
l7tHL6SM0n4,3534,6.875,16
UkHkWLpdHcg,3519,8.75,12
BMp_Sb12_-I,3500,15.0,2
RnACjWmQT-Y,3496,37.6666666667,3
Um88HiOCntw,3452,18.0,2
FT-P2W8UIRw,3435,18.303030303,33
LtlnLQcjMZA,3421,1.0,1
Ziu0Pg8WIfw,3409,7.4,5
NYkpS_5oQqM,3407,8.375,8
XE18dQW3QaE,3395,14.4615384615,13
4fGcwb7cWJ0,3374,10.8,20
X_DsbuXqXkE,3355,24.3,10
ESlBOcd-2_w,3353,20.9,10
3opahUP3ZyA,3323,10.3181818182,22
b8gZhP4OcYY,3306,27.3125,16
ZjW1Q1dZ_CM,3299,13.1666666667,12
Il0tfsnva-k,3269,14.3333333333,6
9VJ-ecSU25Y,3253,18.5,2
ula4gMgRqzE,3238,4.0,1
URvn96ZZKLE,3236,7.92307692308,26
MaqjogCFcJw,3223,19.7857142857,14
2qCbIQ81DFs,3214,22.5,4
MC8Jg7oOLiM,3214,14.5789473684,38
Vn0Y5M_nmPw,3207,6.83333333333,6
O4z82eP_PZo,3200,10.8947368421,19
fsnPPgmI8kE,3185,10.6,30
2n-B-zDWt4g,3168,13.0,2
xQnzVX5PlXQ,3160,15.3333333333,3
9JrFbTTTHwU,3160,12.6666666667,3
JKzbskapimM,3159,24.25,4
Ed0jO7UZj08,3146,16.6451612903,31
h2UXPA0RoXk,3143,24.2,5
r9k-_8PzOag,3128,19.4,10
GEKiivSbfUc,3103,13.0,2
QCeGxCQF3d4,3102,17.3333333333,3
JcDB2pvhGz4,3101,5.0,1
lzJBgGoTbls,3092,20.5,2
yXR2UmMTOOE,3073,9.66666666667,3
HlwvIDDZr4g,3017,20.0,1
p1vFfWtZ0WY,3011,10.0,7
Z1eLvJxZa_M,2956,12.1333333333,15
zoarT3uijiU,2951,7.0,1
V_1z8dE9ySk,2928,10.0,1
b8aqhhyGSnU,2896,16.5,2
PMWZN9vIrY8,2894,4.5,2
05gxLjelg1Q,2872,7.0,2
msT0DFWNZi0,2869,7.0,6
ORhVPwwVrFU,2848,8.0,2
gUgF_zq5Vpo,2845,45.2156862745,153
yIUCLUJweVM,2835,3.5,18
K2Z4b6-w-yY,2824,23.6,5
AQu9izr_D7U,2816,14.9425287356,174
j9C54MhX7w4,2802,15.8181818182,11
s8HeQQ5LIn8,2791,9.44827586207,29
0pRL69xD0b8,2782,4.0,1
wtoCtfbMqzQ,2753,18.2727272727,11
h-WOgvoukmk,2740,14.5,2
52KuZc7vPwU,2720,6.25,4
yPsfGD82KUs,2715,13.0,1
O0RhgZfNKuY,2710,26.6666666667,3
K5GKV1iGIhs,2702,14.7647058824,17
s_g7zw8lrkM,2692,3.5,4
d9N3ZzWei-U,2691,3.75,4
qO66S0j9W80,2690,11.0,5
eitdIWYgy90,2675,21.5,12
1-eE3Cdw4oM,2662,5.875,8
axPd0YgXul4,2651,11.8888888889,9
EUWsv4dulsc,2640,14.0,2
N6velDSDKbo,2627,13.4117647059,17
Tdd0lglwwfM,2625,5.5,4
XNFrce-9wFc,2618,12.25,4
-lps1sKj6WE,2614,11.5714285714,14
bfJfuJngwTw,2614,13.0,2
sTFZ7oFWLOk,2575,12.3076923077,13
ReyZjMHh8C0,2573,13.0869565217,23
ktOOaPw9YJA,2567,20.1555555556,45
HhmTZXvCgDw,2553,37.75,8
xF0vmM74Wbw,2552,10.6666666667,3
J661OFhbIAc,2551,6.0,19
NK07y1H_Tco,2531,7.16666666667,18
3YYo-wxPslM,2514,22.0,2
iKbRnSJVbzU,2501,12.7142857143,35
OEg3Wi6HEuM,2494,5.475,40
FyAsL_3Ta6Y,2437,11.0,8
5p9yGQc9vig,2426,19.7,10
tpEbWrVpHOo,2424,5.14285714286,7
sq-QmPw710I,2417,6.42857142857,7
wXVye7AwrUw,2407,9.5,2
YKaYvBKOxM8,2397,21.2432432432,74
PYQQmbkvybU,2369,13.5,6
jiIU0t2AxNc,2350,3.0,1
lDOykN80wGs,2350,13.5,2
Xlr9TyJ0-QE,2341,13.4285714286,14
WQThm9S774o,2331,16.5,2
cO4AqpEDaCc,2313,54.0,3
DlKRDH48b3k,2293,11.25,4
HhV3AB-7pH8,2287,3.66666666667,3
DaXCAgO1N2Q,2280,7.64,25
NxYKOV8kVhk,2262,16.75,12
HAf8ZjNUD34,2257,17.5,4
8ildiveETQs,2231,10.8461538462,13
dytZBBlDMJs,2231,11.0,1
0hXsjw5BgKM,2230,8.7619047619,42
yLJHpxWKF00,2214,5.5,6
ZxQgT17WuJo,2214,3.0,2
CZa76646q74,2198,7.5,2
cikSkOLODmk,2189,17.5634328358,268
vaH9W8Yg6Qs,2182,24.0,2
tNOkl3uxevQ,2175,13.0,1
2uZExrCm4ZY,2171,26.5,8
6gg9vREFD_A,2162,22.8888888889,18
uv9wfmCPU5Y,2146,8.64285714286,14
R4Kg-4az24c,2145,28.0555555556,18
1q9O5QxQakg,2139,47.75,8
HQ5Ty16xyFU,2093,26.3125,16
uDYA5CETLB8,2084,22.6666666667,21
Z-gMROP6bo8,2084,7.0,1
SWWL6aPcLDY,2071,11.2,5
gY4y5JJODeI,2065,17.4,10
OcxGC8c7OeQ,2053,21.8813559322,118
tv4t39RnHck,2049,4.0,3
aEPtXjJ6yQ8,2047,15.3333333333,3
XYMGOfmBFFM,2044,16.0588235294,17
3CgEhtxRznk,2035,8.0,1
sIl14R_UTcE,2028,9.0,2
UUCxc_cZ7EQ,2016,9.66666666667,3
YLrygJ3Eqvc,1983,11.2857142857,7
xI0Xibfi4Do,1978,44.7429906542,214
-wvO0f617kk,1975,28.8571428571,14
nwBQ3Muqnn0,1964,5.66666666667,3
Xfh6Bv4JqPY,1951,18.5,4
IQhSWKjrh8k,1940,13.3157894737,38
Kf7f9Vn0YAs,1939,19.2222222222,9
pNsQGTnZtlc,1930,8.67567567568,37
G2hnUeetWcc,1927,8.0,2
1v7jCD7vsjk,1925,13.0,1
W1vbcO_TfoE,1912,12.5,10
G_6Nqp3UcHg,1893,4.66666666667,3
Uc_FguFN8pk,1887,13.375,16
cfmjw7l87gM,1875,23.2727272727,11
IVY--Ugdhz8,1875,30.4736842105,19
17sEagDG0X8,1873,27.4857142857,35
5r85u1Iia-0,1842,7.32,25
rVUkQc8Kw8Y,1834,6.14285714286,7
07FT81Supqg,1834,4.28571428571,7
Wy8B9TkASqc,1823,7.0,1
Kyazb8NzFUI,1810,20.8918918919,37
dOBIFqlltoQ,1807,7.52380952381,21
SzxjQNVTssk,1806,7.0,2
8AwVnXe7BOU,1790,25.5,4
6mEnvPnMIkc,1782,21.2,5
0bZgGboFXcU,1756,34.0,1
HJm5saL04_Q,1753,9.88235294118,17
b8h758HKWP4,1742,18.3333333333,3
OPjBKX8vF4E,1729,7.2,15
oYJ0KiIQU50,1712,13.0,1
A58p2mb7MqQ,1705,19.5454545455,22
UGDm-5w8J18,1684,8.33333333333,6
8JgtjngfeXA,1682,18.0217391304,46
Eu4_l-alreY,1680,29.75,8
BXjRDJ4_TNM,1659,34.5,2
mOLgYYvbZ88,1627,13.8888888889,9
c1f3ngO50dY,1626,12.5,6
Adi1LYpJXSQ,1623,39.7777777778,18
7JnT23jfB3k,1606,11.7142857143,21
Dbfe89T0AeA,1598,9.0,30
le1WZqptbhM,1597,10.8,5
JjNiG4pdItc,1585,8.0,2
AQ3H7GLo15g,1561,20.625,8
SAxve08JpAY,1549,23.9166666667,12
d1WlTEsBnuc,1547,2.0,4
D0LdLXGFR_k,1546,8.375,8
Mjl43A5kkn4,1545,31.8571428571,7
Qn-XeW8lfMo,1534,15.75,36
rXFCSorMOk4,1531,11.0588235294,34
7f72OZyVE3I,1530,7.25,4
WlBDZt_vybU,1526,16.3333333333,9
Y-kBy5xsZ7s,1520,12.2307692308,13
asLe9QKOajs,1501,15.0,4
QQAg_7ukcDY,1492,2.0,1
HriAP6DUbCI,1490,9.0,1
LtTmMOba8Cs,1475,3.75,4
vg-W15Rnvco,1466,28.0,10
ROpT0Ixyv-o,1461,20.6,5
GfLp-LUNIao,1459,35.1176470588,17
2rDRvMxc9Ig,1458,10.1428571429,7
nh3L5DqFor8,1448,5.66666666667,3
-JVzE-WSiuQ,1436,6.72727272727,22
IquvZ35lU0E,1414,6.0,2
4UAceAMR33Y,1401,5.4,5
lKXhyVh4PWs,1394,27.0,4
kvzi1wODTsw,1393,7.33333333333,3
gTEqV7tEqkM,1381,12.7777777778,9
LC4yDTvzVro,1365,34.3157894737,19
SbLGyGZ_Rfg,1362,30.3333333333,3
vB3LSRFnvDk,1359,10.3333333333,3
LCQ4dG5tS3M,1349,20.8333333333,6
fqmx7f4svhg,1343,13.0,3
FwBfCRvlrP4,1343,19.0,3
HciowRUmvD8,1342,34.1212121212,33
QjlmFE6MTjY,1317,32.8695652174,23
v7rIIt-gGQM,1308,10.25,4
BxGoH36uI8Q,1300,71.0,1
2rcZYl-Jeic,1288,5.0,1
2XzrCP8Whbo,1282,21.8333333333,6
SWmsJzuFFo0,1264,12.0,2
-xtde-V_ba8,1257,6.0,2
jgU1ZPqdXC8,1256,7.66666666667,6
jcRxB6_2KPs,1243,6.0,1
jK7qMF659PY,1241,8.5,2
Ws0feAWBuGQ,1219,42.1346153846,52
1lsLMlVOrvs,1204,6.54545454545,11
2OK3HWjjMy4,1194,8.64705882353,17
fi-LZc2tgWU,1193,59.5,2
34t51aeuvNI,1186,8.66666666667,12
Y3FKnOvOQb4,1181,24.375,24
lP_t2sorpPw,1169,23.75,8
NNOm-aNJqh4,1168,18.0,1
27lK5eKiyAc,1162,3.33333333333,3
7ZvMBajzh6M,1161,8.625,16
EvuwdnRtK7I,1161,45.0,1
gecKJiVPsv0,1154,12.0,3
_3IghhObHsQ,1149,12.8461538462,13
Z1-5vvY2SzU,1143,2.0,1
mJYwnuzOaEM,1129,5.0,1
YRC24MAPnjQ,1122,20.1666666667,6
OERoEZ6RGzA,1106,6.5,4
_2lN24G2gpQ,1106,2.0,1
DBia1nqF3CU,1097,13.0,1
bok6GeIryb0,1096,4.0,4
cm8xGk61U48,1088,4.25,4
jYjetK-gJ24,1082,6.77777777778,9
14GoZMS7qw4,1068,18.5454545455,11
drm9XOGbHGI,1059,7.4,5
18OEmAgUY4g,1057,26.25,8
jxw35JAQCh0,1053,13.5,2
0Thgzc2h4E0,1052,28.25,4
PKIul33sRXE,1049,6.0,1
6I_gFIln1nQ,1043,4.0,1
kAypxFzmtLs,1026,23.0,2
vSJ-tVc_990,1026,3.0,2
RYmyawWAyqQ,1025,17.6,20
4Xj8wTQSdUs,1021,12.5555555556,9
BxYT9UjhOt0,1013,18.0,1
lINgSK-1zhE,1012,11.5,2
f8Et5xVd2_g,1008,11.0,1
ggvP-STh-k8,1005,7.33333333333,3
6DnMPOLDJak,1002,15.1111111111,9
TaTjWijNdiE,987,24.2,10
kXQAsQqXPIs,974,11.75,4
X_9PeOR7DeA,974,2.0,1
Xnq2_SEsf_8,957,22.5,2
T3Q0WxUDu84,947,13.75,4
xF07RInEUz0,945,34.6315789474,19
ZlW6yaag8Xk,942,8.0,1
F38buHcDlsg,940,7.0,18
QXevLkScvFY,938,5.0,1
VlEX3xVIYVM,931,18.8333333333,18
FRe0rsXfe4Q,924,7.0,1
KMN_PNExauo,924,20.8888888889,18
ncWKqCKS9R4,909,8.0,2
BjChUqsatyQ,903,1.0,1
-gb2CYZiGI4,902,7.66666666667,3
ZnEbtNfYqrQ,901,26.0,7
oCozNZVHxgE,896,11.5,2
xfhwwDwtqlA,892,25.0,13
xv7gBl4dNMw,882,17.5,2
TvHZWRT32SM,881,28.5,4
f3eRh_vNor4,880,5.33333333333,3
mfuJNTpP5yY,875,5.0,1
mMPAiLqV6Qw,875,3.0,1
KpmPmc0UFnM,862,21.0,4
fdtUs1WbTjs,856,5.5,2
yC2maCwFoDg,848,2.0,1
fUt4G7sxHrI,833,25.25,4
d2HcivFX0es,828,18.0,5
D2JmGyvZt74,816,3.0,1
eTczfowEhg4,810,4.0,1
tz5pug0MgQI,803,13.0,19
BwCfjQVRti8,770,4.28571428571,7
gUUHUM8W1WI,763,13.7058823529,17
8V_wvI1BHCc,752,12.25,4
LPkHvfq2n90,752,18.9375,16
x2pxDDGkxGk,746,38.5454545455,11
dxDtNBNdRVY,740,8.85714285714,14
2-sG7QoWeHg,728,13.3636363636,11
K5WJQIE1_Ag,728,46.5,2
0iPfutnDlAU,727,3.0,3
GTLVfNT8-RQ,724,5.83333333333,6
nacU7Y3BVaU,723,15.0,5
CE5PEsSFYVw,721,16.8333333333,6
dm6QPfGyvoM,710,3.0,2
mZceWTj-RZQ,709,41.2222222222,9
Oh6PuXQV0TE,709,37.0,2
ZXZLZjQBD80,691,9.0,2
SmTAadn3nB4,689,67.0,1
gjI2QPUiqq4,688,26.0,1
aW9HZkv8Gfk,677,2.33333333333,3
QqxmxNMoJdQ,671,23.0,10
Q4GbYLx2fYk,669,13.125,8
fgmueHsHgaE,657,30.0,2
mKx80ITcud8,621,9.0,1
kp4d8vNELew,616,13.0,1
vU74J4ummnY,611,16.4166666667,12
SZ0SCHtOMY0,607,36.3333333333,6
sz1u_J5FNBU,605,7.125,16
32npmGED8DU,601,17.75,4
Q6KO1J02wdo,597,31.25,8
QalCsDW47Jk,593,26.0,1
sWwMPehCVPM,590,8.0,9
pX81FDGllvQ,590,7.0,2
6jxV_Fp3bh8,580,25.0,9
1xmH6nMqqzU,579,63.6,5
IRBDoZAJZzY,575,9.5,4
sqAVRPp1yXM,568,26.0,3
joTd35OkQZ8,563,45.6315789474,19
qIga9YD5DvM,552,31.5,2
QqM0rkoC7b4,548,3.0,2
8_unxg1X40Q,539,31.0,1
-2P1F1P06RM,536,5.33333333333,3
MymnGdCAvCk,534,31.5,2
Sm7Uka7XvYc,526,5.0,2
0P__R_NwylA,525,41.3214285714,28
8xY_K-z6ATE,525,9.33333333333,3
cZUQThFx-sU,524,5.0,1
fLo6b73dI0A,524,31.5,2
IwH3jZ4Jhhg,521,36.3333333333,6
7cPBTnzqIBU,516,24.9,10
fGCmNKpg8Dg,512,15.6666666667,3
DJxTvZlv9Hs,510,12.0,2
N3z0vUK2EmQ,510,27.0,1
6Thq5hrX9RA,508,9.66666666667,3
kQtfme6IOGI,504,40.75,8
z2Ia_PrrncQ,501,5.125,8
y3XpsfriXOM,496,9.33333333333,6
JX6g2LG7D8M,493,6.27272727273,11
ot20PtieylY,486,18.3333333333,3
4jmkqcAnTk4,480,4.0,1
gGj6ozNK5z8,468,28.5,2
Nh2eiy1AQgs,467,10.3636363636,11
ZAup6Nu_wEQ,458,67.0,1
vSnuiMFPHVs,452,21.375,16
pm2prvTkDwg,451,13.0,1
VWiVWFVeBhQ,445,15.3333333333,6
rXebEVrykn8,444,7.0,1
6p7Y1asR210,441,23.0,1
2erFyPEP0A8,435,12.5,2
6GSObR0CX2s,426,16.125,8
xOsYcpbzG-w,419,13.3076923077,39
CD5FPoHUnEY,415,10.0,2
YPvfcM_CDQQ,412,1.0,1
6CE9E1Glo80,400,23.0,11
G46EFascu_8,397,7.75,4
xdVXvbuM-VI,396,5.2,5
sHnv8NIykKQ,394,5.5,2
rWjIgWt8EOI,388,9.0,1
MEiNQLQf5HI,383,2.0,2
g7UzbB7SHd4,381,8.0,12
N1pTBW8bUpg,381,3.0,1
SDX___csUmQ,371,9.66666666667,6
lqiRM_w2rFM,369,2.0,1
YMOwt8mtX8I,368,13.25,4
0SCxK3YYVvw,368,20.5,2
AJqstxiAKJA,354,4.5,2
Sc-9iGVqzSs,353,32.7857142857,14
jEnuF8W6lR4,351,20.0,5
GJTppGENR08,345,9.85,20
Z1CUG68OU6c,338,13.0,2
p05ZV8HogfE,337,9.36363636364,11
-ho9QSEUZUk,325,5.0,1
xDNs6lJqAO0,323,5.5,4
P4yZYYWLWzg,320,18.0,12
JNl6RJ0vO-0,318,9.4,5
30VgaBb1WHI,316,14.25,4
N0bQ8FUTxwE,305,18.5,4
5ph948087CE,301,12.3333333333,3
aaf6cbwBNb4,299,15.0,4
GPAEvwl1uSM,299,30.0,1
9mVk36qSr70,297,43.6666666667,3
do5Mwh-uea0,296,11.25,4
dHZno8oB4O4,290,16.2,5
DYDD6WdILvc,288,20.7222222222,18
xk7sz2F_PQM,277,6.0,3
f_WCcSeXi6E,275,9.22222222222,9
UM90_U7sjKQ,275,5.77777777778,9
WhLlSqTFU7A,275,8.66666666667,3
Udvo4z7tK6c,274,26.0,1
Ib1XyhYoMPQ,274,8.0,1
dHJMGsl_7Yg,270,22.75,28
oIM9CeBwtkA,258,13.0,1
5chmUdQdtGI,255,19.2,5
fthH5OtESRU,255,93.0,1
xN0ObiHz3T8,254,2.0,1
XzDsmJ7Ia88,253,5.0,3
ce7EKAhR8eM,244,9.33333333333,3
5wqc8ig-QI8,240,8.0,2
6HK8wSYqsko,222,1.5,2
ipqKYhuNAJs,215,9.33333333333,3
mgv_65qosno,214,7.0,1
td7wO4zB5iQ,201,2.0,1
6w_ZqFPhADc,200,32.25,4
j59tQRsYqwk,200,9.4,5
YZqR57Cc2Pw,196,33.625,8
0Kdsa7g12WQ,192,1.66666666667,3
wG9E7knD1-M,182,8.33333333333,3
5QTyHzbGbSE,167,1.0,1
yU0o89j0_Ps,165,7.0,1
WOnYOppbQPg,146,26.0,2
8MXpVVeU2JA,134,13.3333333333,3
ENECcVcQMsc,133,1.0,1
q3rfhiximVU,133,5.0,1
hh7DWaCuZMw,129,13.0,1
gIZHfhCiGbE,124,3.0,1
zxfjii-TiZ0,116,12.0,1
aZiVCsVBp3Y,105,5.5,2
HaeX6wVdyhA,97,26.4285714286,7
Et5lUKq0LTM,96,27.0,1
5LEMcV94TkY,94,51.0,1
6BW-ifTU8GM,92,5.66666666667,3
ElADJOCEAbU,92,1.0,1
uih2BVIzkHE,88,1.0,1
ZXt3QPCmXmI,75,26.0,1
FRZHeQK8hzU,51,9.0,1
